place,kind,zcta,city,latitude,longitude,zhvi,zori,date,label_dx,label_dy,note,hudSafmr,blendedRent,rentSource,hudFiscalYear
95023 Hollister,zcta,95023,Hollister,36.9199935,-121.3221878,528843,,2016-04-30,10,0,Zillow ZIP-level market for Hollister; mapped with Census 2020 ZCTA 95023 in San Benito County.,,,,
95004 Aromas,zcta,95004,Aromas,36.8747551,-121.6307316,668481,,2016-04-30,10,0,Zillow ZIP-level market for Aromas; mapped with Census 2020 ZCTA 95004 in San Benito County.,,,,
95045 San Juan Bautista,zcta,95045,San Juan Bautista,36.8258065,-121.5185645,629946,,2016-04-30,10,0,Zillow ZIP-level market for San Juan Bautista; mapped with Census 2020 ZCTA 95045 in San Benito County.,,,,
95023 Hollister,zcta,95023,Hollister,36.9199935,-121.3221878,532023,,2016-05-31,10,0,Zillow ZIP-level market for Hollister; mapped with Census 2020 ZCTA 95023 in San Benito County.,,,,
95004 Aromas,zcta,95004,Aromas,36.8747551,-121.6307316,668941,,2016-05-31,10,0,Zillow ZIP-level market for Aromas; mapped with Census 2020 ZCTA 95004 in San Benito County.,,,,
95045 San Juan Bautista,zcta,95045,San Juan Bautista,36.8258065,-121.5185645,632842,,2016-05-31,10,0,Zillow ZIP-level market for San Juan Bautista; mapped with Census 2020 ZCTA 95045 in San Benito County.,,,,
95023 Hollister,zcta,95023,Hollister,36.9199935,-121.3221878,534962,,2016-06-30,10,0,Zillow ZIP-level market for Hollister; mapped with Census 2020 ZCTA 95023 in San Benito County.,,,,
95004 Aromas,zcta,95004,Aromas,36.8747551,-121.6307316,672696,,2016-06-30,10,0,Zillow ZIP-level market for Aromas; mapped with Census 2020 ZCTA 95004 in San Benito County.,,,,
95045 San Juan Bautista,zcta,95045,San Juan Bautista,36.8258065,-121.5185645,635472,,2016-06-30,10,0,Zillow ZIP-level market for San Juan Bautista; mapped with Census 2020 ZCTA 95045 in San Benito County.,,,,
95023 Hollister,zcta,95023,Hollister,36.9199935,-121.3221878,535906,,2016-07-31,10,0,Zillow ZIP-level market for Hollister; mapped with Census 2020 ZCTA 95023 in San Benito County.,,,,
95004 Aromas,zcta,95004,Aromas,36.8747551,-121.6307316,674021,,2016-07-31,10,0,Zillow ZIP-level market for Aromas; mapped with Census 2020 ZCTA 95004 in San Benito County.,,,,
95045 San Juan Bautista,zcta,95045,San Juan Bautista,36.8258065,-121.5185645,634558,,2016-07-31,10,0,Zillow ZIP-level market for San Juan Bautista; mapped with Census 2020 ZCTA 95045 in San Benito County.,,,,
95023 Hollister,zcta,95023,Hollister,36.9199935,-121.3221878,536525,,2016-08-31,10,0,Zillow ZIP-level market for Hollister; mapped with Census 2020 ZCTA 95023 in San Benito County.,,,,
95004 Aromas,zcta,95004,Aromas,36.8747551,-121.6307316,675940,,2016-08-31,10,0,Zillow ZIP-level market for Aromas; mapped with Census 2020 ZCTA 95004 in San Benito County.,,,,
95045 San Juan Bautista,zcta,95045,San Juan Bautista,36.8258065,-121.5185645,632851,,2016-08-31,10,0,Zillow ZIP-level market for San Juan Bautista; mapped with Census 2020 ZCTA 95045 in San Benito County.,,,,
95023 Hollister,zcta,95023,Hollister,36.9199935,-121.3221878,536652,,2016-09-30,10,0,Zillow ZIP-level market for Hollister; mapped with Census 2020 ZCTA 95023 in San Benito County.,,,,
95004 Aromas,zcta,95004,Aromas,36.8747551,-121.6307316,677030,,2016-09-30,10,0,Zillow ZIP-level market for Aromas; mapped with Census 2020 ZCTA 95004 in San Benito County.,,,,
95045 San Juan Bautista,zcta,95045,San Juan Bautista,36.8258065,-121.5185645,632615,,2016-09-30,10,0,Zillow ZIP-level market for San Juan Bautista; mapped with Census 2020 ZCTA 95045 in San Benito County.,,,,
95023 Hollister,zcta,95023,Hollister,36.9199935,-121.3221878,538196,,2016-10-31,10,0,Zillow ZIP-level market for Hollister; mapped with Census 2020 ZCTA 95023 in San Benito County.,,,,
95004 Aromas,zcta,95004,Aromas,36.8747551,-121.6307316,680783,,2016-10-31,10,0,Zillow ZIP-level market for Aromas; mapped with Census 2020 ZCTA 95004 in San Benito County.,,,,
95045 San Juan Bautista,zcta,95045,San Juan Bautista,36.8258065,-121.5185645,636063,,2016-10-31,10,0,Zillow ZIP-level market for San Juan Bautista; mapped with Census 2020 ZCTA 95045 in San Benito County.,,,,
95023 Hollister,zcta,95023,Hollister,36.9199935,-121.3221878,540106,,2016-11-30,10,0,Zillow ZIP-level market for Hollister; mapped with Census 2020 ZCTA 95023 in San Benito County.,,,,
95004 Aromas,zcta,95004,Aromas,36.8747551,-121.6307316,683368,,2016-11-30,10,0,Zillow ZIP-level market for Aromas; mapped with Census 2020 ZCTA 95004 in San Benito County.,,,,
95045 San Juan Bautista,zcta,95045,San Juan Bautista,36.8258065,-121.5185645,638810,,2016-11-30,10,0,Zillow ZIP-level market for San Juan Bautista; mapped with Census 2020 ZCTA 95045 in San Benito County.,,,,
95023 Hollister,zcta,95023,Hollister,36.9199935,-121.3221878,543532,,2016-12-31,10,0,Zillow ZIP-level market for Hollister; mapped with Census 2020 ZCTA 95023 in San Benito County.,,,,
95004 Aromas,zcta,95004,Aromas,36.8747551,-121.6307316,688410,,2016-12-31,10,0,Zillow ZIP-level market for Aromas; mapped with Census 2020 ZCTA 95004 in San Benito County.,,,,
95045 San Juan Bautista,zcta,95045,San Juan Bautista,36.8258065,-121.5185645,640823,,2016-12-31,10,0,Zillow ZIP-level market for San Juan Bautista; mapped with Census 2020 ZCTA 95045 in San Benito County.,,,,
95023 Hollister,zcta,95023,Hollister,36.9199935,-121.3221878,547333,,2017-01-31,10,0,Zillow ZIP-level market for Hollister; mapped with Census 2020 ZCTA 95023 in San Benito County.,,,,
95004 Aromas,zcta,95004,Aromas,36.8747551,-121.6307316,694203,,2017-01-31,10,0,Zillow ZIP-level market for Aromas; mapped with Census 2020 ZCTA 95004 in San Benito County.,,,,
95045 San Juan Bautista,zcta,95045,San Juan Bautista,36.8258065,-121.5185645,642070,,2017-01-31,10,0,Zillow ZIP-level market for San Juan Bautista; mapped with Census 2020 ZCTA 95045 in San Benito County.,,,,
95023 Hollister,zcta,95023,Hollister,36.9199935,-121.3221878,552097,,2017-02-28,10,0,Zillow ZIP-level market for Hollister; mapped with Census 2020 ZCTA 95023 in San Benito County.,,,,
95004 Aromas,zcta,95004,Aromas,36.8747551,-121.6307316,702041,,2017-02-28,10,0,Zillow ZIP-level market for Aromas; mapped with Census 2020 ZCTA 95004 in San Benito County.,,,,
95045 San Juan Bautista,zcta,95045,San Juan Bautista,36.8258065,-121.5185645,646586,,2017-02-28,10,0,Zillow ZIP-level market for San Juan Bautista; mapped with Census 2020 ZCTA 95045 in San Benito County.,,,,
95023 Hollister,zcta,95023,Hollister,36.9199935,-121.3221878,556480,,2017-03-31,10,0,Zillow ZIP-level market for Hollister; mapped with Census 2020 ZCTA 95023 in San Benito County.,,,,
95004 Aromas,zcta,95004,Aromas,36.8747551,-121.6307316,706167,,2017-03-31,10,0,Zillow ZIP-level market for Aromas; mapped with Census 2020 ZCTA 95004 in San Benito County.,,,,
95045 San Juan Bautista,zcta,95045,San Juan Bautista,36.8258065,-121.5185645,650834,,2017-03-31,10,0,Zillow ZIP-level market for San Juan Bautista; mapped with Census 2020 ZCTA 95045 in San Benito County.,,,,
95023 Hollister,zcta,95023,Hollister,36.9199935,-121.3221878,560263,,2017-04-30,10,0,Zillow ZIP-level market for Hollister; mapped with Census 2020 ZCTA 95023 in San Benito County.,,,,
95004 Aromas,zcta,95004,Aromas,36.8747551,-121.6307316,709783,,2017-04-30,10,0,Zillow ZIP-level market for Aromas; mapped with Census 2020 ZCTA 95004 in San Benito County.,,,,
95045 San Juan Bautista,zcta,95045,San Juan Bautista,36.8258065,-121.5185645,654872,,2017-04-30,10,0,Zillow ZIP-level market for San Juan Bautista; mapped with Census 2020 ZCTA 95045 in San Benito County.,,,,
95023 Hollister,zcta,95023,Hollister,36.9199935,-121.3221878,562021,,2017-05-31,10,0,Zillow ZIP-level market for Hollister; mapped with Census 2020 ZCTA 95023 in San Benito County.,,,,
95004 Aromas,zcta,95004,Aromas,36.8747551,-121.6307316,712091,,2017-05-31,10,0,Zillow ZIP-level market for Aromas; mapped with Census 2020 ZCTA 95004 in San Benito County.,,,,
95045 San Juan Bautista,zcta,95045,San Juan Bautista,36.8258065,-121.5185645,655877,,2017-05-31,10,0,Zillow ZIP-level market for San Juan Bautista; mapped with Census 2020 ZCTA 95045 in San Benito County.,,,,
95023 Hollister,zcta,95023,Hollister,36.9199935,-121.3221878,562989,,2017-06-30,10,0,Zillow ZIP-level market for Hollister; mapped with Census 2020 ZCTA 95023 in San Benito County.,,,,
95004 Aromas,zcta,95004,Aromas,36.8747551,-121.6307316,715969,,2017-06-30,10,0,Zillow ZIP-level market for Aromas; mapped with Census 2020 ZCTA 95004 in San Benito County.,,,,
95045 San Juan Bautista,zcta,95045,San Juan Bautista,36.8258065,-121.5185645,657890,,2017-06-30,10,0,Zillow ZIP-level market for San Juan Bautista; mapped with Census 2020 ZCTA 95045 in San Benito County.,,,,
95023 Hollister,zcta,95023,Hollister,36.9199935,-121.3221878,563398,,2017-07-31,10,0,Zillow ZIP-level market for Hollister; mapped with Census 2020 ZCTA 95023 in San Benito County.,,,,
95004 Aromas,zcta,95004,Aromas,36.8747551,-121.6307316,719051,,2017-07-31,10,0,Zillow ZIP-level market for Aromas; mapped with Census 2020 ZCTA 95004 in San Benito County.,,,,
95045 San Juan Bautista,zcta,95045,San Juan Bautista,36.8258065,-121.5185645,658655,,2017-07-31,10,0,Zillow ZIP-level market for San Juan Bautista; mapped with Census 2020 ZCTA 95045 in San Benito County.,,,,
95023 Hollister,zcta,95023,Hollister,36.9199935,-121.3221878,565826,,2017-08-31,10,0,Zillow ZIP-level market for Hollister; mapped with Census 2020 ZCTA 95023 in San Benito County.,,,,
95004 Aromas,zcta,95004,Aromas,36.8747551,-121.6307316,723427,,2017-08-31,10,0,Zillow ZIP-level market for Aromas; mapped with Census 2020 ZCTA 95004 in San Benito County.,,,,
95045 San Juan Bautista,zcta,95045,San Juan Bautista,36.8258065,-121.5185645,661120,,2017-08-31,10,0,Zillow ZIP-level market for San Juan Bautista; mapped with Census 2020 ZCTA 95045 in San Benito County.,,,,
95023 Hollister,zcta,95023,Hollister,36.9199935,-121.3221878,568752,,2017-09-30,10,0,Zillow ZIP-level market for Hollister; mapped with Census 2020 ZCTA 95023 in San Benito County.,,,,
95004 Aromas,zcta,95004,Aromas,36.8747551,-121.6307316,728889,,2017-09-30,10,0,Zillow ZIP-level market for Aromas; mapped with Census 2020 ZCTA 95004 in San Benito County.,,,,
95045 San Juan Bautista,zcta,95045,San Juan Bautista,36.8258065,-121.5185645,662111,,2017-09-30,10,0,Zillow ZIP-level market for San Juan Bautista; mapped with Census 2020 ZCTA 95045 in San Benito County.,,,,
95023 Hollister,zcta,95023,Hollister,36.9199935,-121.3221878,572607,,2017-10-31,10,0,Zillow ZIP-level market for Hollister; mapped with Census 2020 ZCTA 95023 in San Benito County.,,,,
95004 Aromas,zcta,95004,Aromas,36.8747551,-121.6307316,734693,,2017-10-31,10,0,Zillow ZIP-level market for Aromas; mapped with Census 2020 ZCTA 95004 in San Benito County.,,,,
95045 San Juan Bautista,zcta,95045,San Juan Bautista,36.8258065,-121.5185645,663794,,2017-10-31,10,0,Zillow ZIP-level market for San Juan Bautista; mapped with Census 2020 ZCTA 95045 in San Benito County.,,,,
95023 Hollister,zcta,95023,Hollister,36.9199935,-121.3221878,575873,,2017-11-30,10,0,Zillow ZIP-level market for Hollister; mapped with Census 2020 ZCTA 95023 in San Benito County.,,,,
95004 Aromas,zcta,95004,Aromas,36.8747551,-121.6307316,739261,,2017-11-30,10,0,Zillow ZIP-level market for Aromas; mapped with Census 2020 ZCTA 95004 in San Benito County.,,,,
95045 San Juan Bautista,zcta,95045,San Juan Bautista,36.8258065,-121.5185645,663853,,2017-11-30,10,0,Zillow ZIP-level market for San Juan Bautista; mapped with Census 2020 ZCTA 95045 in San Benito County.,,,,
95023 Hollister,zcta,95023,Hollister,36.9199935,-121.3221878,578426,,2017-12-31,10,0,Zillow ZIP-level market for Hollister; mapped with Census 2020 ZCTA 95023 in San Benito County.,,,,
95004 Aromas,zcta,95004,Aromas,36.8747551,-121.6307316,745072,,2017-12-31,10,0,Zillow ZIP-level market for Aromas; mapped with Census 2020 ZCTA 95004 in San Benito County.,,,,
95045 San Juan Bautista,zcta,95045,San Juan Bautista,36.8258065,-121.5185645,663774,,2017-12-31,10,0,Zillow ZIP-level market for San Juan Bautista; mapped with Census 2020 ZCTA 95045 in San Benito County.,,,,
95023 Hollister,zcta,95023,Hollister,36.9199935,-121.3221878,579965,,2018-01-31,10,0,Zillow ZIP-level market for Hollister; mapped with Census 2020 ZCTA 95023 in San Benito County.,,,,
95004 Aromas,zcta,95004,Aromas,36.8747551,-121.6307316,752533,,2018-01-31,10,0,Zillow ZIP-level market for Aromas; mapped with Census 2020 ZCTA 95004 in San Benito County.,,,,
95045 San Juan Bautista,zcta,95045,San Juan Bautista,36.8258065,-121.5185645,664688,,2018-01-31,10,0,Zillow ZIP-level market for San Juan Bautista; mapped with Census 2020 ZCTA 95045 in San Benito County.,,,,
95023 Hollister,zcta,95023,Hollister,36.9199935,-121.3221878,580477,,2018-02-28,10,0,Zillow ZIP-level market for Hollister; mapped with Census 2020 ZCTA 95023 in San Benito County.,,,,
95004 Aromas,zcta,95004,Aromas,36.8747551,-121.6307316,759545,,2018-02-28,10,0,Zillow ZIP-level market for Aromas; mapped with Census 2020 ZCTA 95004 in San Benito County.,,,,
95045 San Juan Bautista,zcta,95045,San Juan Bautista,36.8258065,-121.5185645,665916,,2018-02-28,10,0,Zillow ZIP-level market for San Juan Bautista; mapped with Census 2020 ZCTA 95045 in San Benito County.,,,,
95023 Hollister,zcta,95023,Hollister,36.9199935,-121.3221878,581576,,2018-03-31,10,0,Zillow ZIP-level market for Hollister; mapped with Census 2020 ZCTA 95023 in San Benito County.,,,,
95004 Aromas,zcta,95004,Aromas,36.8747551,-121.6307316,762484,,2018-03-31,10,0,Zillow ZIP-level market for Aromas; mapped with Census 2020 ZCTA 95004 in San Benito County.,,,,
95045 San Juan Bautista,zcta,95045,San Juan Bautista,36.8258065,-121.5185645,668812,,2018-03-31,10,0,Zillow ZIP-level market for San Juan Bautista; mapped with Census 2020 ZCTA 95045 in San Benito County.,,,,
95023 Hollister,zcta,95023,Hollister,36.9199935,-121.3221878,583445,,2018-04-30,10,0,Zillow ZIP-level market for Hollister; mapped with Census 2020 ZCTA 95023 in San Benito County.,,,,
95004 Aromas,zcta,95004,Aromas,36.8747551,-121.6307316,762080,,2018-04-30,10,0,Zillow ZIP-level market for Aromas; mapped with Census 2020 ZCTA 95004 in San Benito County.,,,,
95045 San Juan Bautista,zcta,95045,San Juan Bautista,36.8258065,-121.5185645,672148,,2018-04-30,10,0,Zillow ZIP-level market for San Juan Bautista; mapped with Census 2020 ZCTA 95045 in San Benito County.,,,,
95023 Hollister,zcta,95023,Hollister,36.9199935,-121.3221878,586206,,2018-05-31,10,0,Zillow ZIP-level market for Hollister; mapped with Census 2020 ZCTA 95023 in San Benito County.,,,,
95004 Aromas,zcta,95004,Aromas,36.8747551,-121.6307316,761665,,2018-05-31,10,0,Zillow ZIP-level market for Aromas; mapped with Census 2020 ZCTA 95004 in San Benito County.,,,,
95045 San Juan Bautista,zcta,95045,San Juan Bautista,36.8258065,-121.5185645,675559,,2018-05-31,10,0,Zillow ZIP-level market for San Juan Bautista; mapped with Census 2020 ZCTA 95045 in San Benito County.,,,,
95023 Hollister,zcta,95023,Hollister,36.9199935,-121.3221878,588673,,2018-06-30,10,0,Zillow ZIP-level market for Hollister; mapped with Census 2020 ZCTA 95023 in San Benito County.,,,,
95004 Aromas,zcta,95004,Aromas,36.8747551,-121.6307316,763280,,2018-06-30,10,0,Zillow ZIP-level market for Aromas; mapped with Census 2020 ZCTA 95004 in San Benito County.,,,,
95045 San Juan Bautista,zcta,95045,San Juan Bautista,36.8258065,-121.5185645,678584,,2018-06-30,10,0,Zillow ZIP-level market for San Juan Bautista; mapped with Census 2020 ZCTA 95045 in San Benito County.,,,,
95023 Hollister,zcta,95023,Hollister,36.9199935,-121.3221878,590609,,2018-07-31,10,0,Zillow ZIP-level market for Hollister; mapped with Census 2020 ZCTA 95023 in San Benito County.,,,,
95004 Aromas,zcta,95004,Aromas,36.8747551,-121.6307316,766211,,2018-07-31,10,0,Zillow ZIP-level market for Aromas; mapped with Census 2020 ZCTA 95004 in San Benito County.,,,,
95045 San Juan Bautista,zcta,95045,San Juan Bautista,36.8258065,-121.5185645,680395,,2018-07-31,10,0,Zillow ZIP-level market for San Juan Bautista; mapped with Census 2020 ZCTA 95045 in San Benito County.,,,,
95023 Hollister,zcta,95023,Hollister,36.9199935,-121.3221878,592033,,2018-08-31,10,0,Zillow ZIP-level market for Hollister; mapped with Census 2020 ZCTA 95023 in San Benito County.,,,,
95004 Aromas,zcta,95004,Aromas,36.8747551,-121.6307316,768592,,2018-08-31,10,0,Zillow ZIP-level market for Aromas; mapped with Census 2020 ZCTA 95004 in San Benito County.,,,,
95045 San Juan Bautista,zcta,95045,San Juan Bautista,36.8258065,-121.5185645,681983,,2018-08-31,10,0,Zillow ZIP-level market for San Juan Bautista; mapped with Census 2020 ZCTA 95045 in San Benito County.,,,,
95023 Hollister,zcta,95023,Hollister,36.9199935,-121.3221878,593037,,2018-09-30,10,0,Zillow ZIP-level market for Hollister; mapped with Census 2020 ZCTA 95023 in San Benito County.,,,,
95004 Aromas,zcta,95004,Aromas,36.8747551,-121.6307316,769018,,2018-09-30,10,0,Zillow ZIP-level market for Aromas; mapped with Census 2020 ZCTA 95004 in San Benito County.,,,,
95045 San Juan Bautista,zcta,95045,San Juan Bautista,36.8258065,-121.5185645,681207,,2018-09-30,10,0,Zillow ZIP-level market for San Juan Bautista; mapped with Census 2020 ZCTA 95045 in San Benito County.,,,,
95023 Hollister,zcta,95023,Hollister,36.9199935,-121.3221878,594442,,2018-10-31,10,0,Zillow ZIP-level market for Hollister; mapped with Census 2020 ZCTA 95023 in San Benito County.,,,,
95004 Aromas,zcta,95004,Aromas,36.8747551,-121.6307316,771519,,2018-10-31,10,0,Zillow ZIP-level market for Aromas; mapped with Census 2020 ZCTA 95004 in San Benito County.,,,,
95045 San Juan Bautista,zcta,95045,San Juan Bautista,36.8258065,-121.5185645,680878,,2018-10-31,10,0,Zillow ZIP-level market for San Juan Bautista; mapped with Census 2020 ZCTA 95045 in San Benito County.,,,,
95023 Hollister,zcta,95023,Hollister,36.9199935,-121.3221878,595574,,2018-11-30,10,0,Zillow ZIP-level market for Hollister; mapped with Census 2020 ZCTA 95023 in San Benito County.,,,,
95004 Aromas,zcta,95004,Aromas,36.8747551,-121.6307316,774034,,2018-11-30,10,0,Zillow ZIP-level market for Aromas; mapped with Census 2020 ZCTA 95004 in San Benito County.,,,,
95045 San Juan Bautista,zcta,95045,San Juan Bautista,36.8258065,-121.5185645,682079,,2018-11-30,10,0,Zillow ZIP-level market for San Juan Bautista; mapped with Census 2020 ZCTA 95045 in San Benito County.,,,,
95023 Hollister,zcta,95023,Hollister,36.9199935,-121.3221878,597467,,2018-12-31,10,0,Zillow ZIP-level market for Hollister; mapped with Census 2020 ZCTA 95023 in San Benito County.,,,,
95004 Aromas,zcta,95004,Aromas,36.8747551,-121.6307316,777444,,2018-12-31,10,0,Zillow ZIP-level market for Aromas; mapped with Census 2020 ZCTA 95004 in San Benito County.,,,,
95045 San Juan Bautista,zcta,95045,San Juan Bautista,36.8258065,-121.5185645,684037,,2018-12-31,10,0,Zillow ZIP-level market for San Juan Bautista; mapped with Census 2020 ZCTA 95045 in San Benito County.,,,,
95023 Hollister,zcta,95023,Hollister,36.9199935,-121.3221878,598720,,2019-01-31,10,0,Zillow ZIP-level market for Hollister; mapped with Census 2020 ZCTA 95023 in San Benito County.,,,,
95004 Aromas,zcta,95004,Aromas,36.8747551,-121.6307316,778110,,2019-01-31,10,0,Zillow ZIP-level market for Aromas; mapped with Census 2020 ZCTA 95004 in San Benito County.,,,,
95045 San Juan Bautista,zcta,95045,San Juan Bautista,36.8258065,-121.5185645,687071,,2019-01-31,10,0,Zillow ZIP-level market for San Juan Bautista; mapped with Census 2020 ZCTA 95045 in San Benito County.,,,,
95023 Hollister,zcta,95023,Hollister,36.9199935,-121.3221878,599742,,2019-02-28,10,0,Zillow ZIP-level market for Hollister; mapped with Census 2020 ZCTA 95023 in San Benito County.,,,,
95004 Aromas,zcta,95004,Aromas,36.8747551,-121.6307316,776299,,2019-02-28,10,0,Zillow ZIP-level market for Aromas; mapped with Census 2020 ZCTA 95004 in San Benito County.,,,,
95045 San Juan Bautista,zcta,95045,San Juan Bautista,36.8258065,-121.5185645,688772,,2019-02-28,10,0,Zillow ZIP-level market for San Juan Bautista; mapped with Census 2020 ZCTA 95045 in San Benito County.,,,,
95023 Hollister,zcta,95023,Hollister,36.9199935,-121.3221878,601004,,2019-03-31,10,0,Zillow ZIP-level market for Hollister; mapped with Census 2020 ZCTA 95023 in San Benito County.,,,,
95004 Aromas,zcta,95004,Aromas,36.8747551,-121.6307316,776233,,2019-03-31,10,0,Zillow ZIP-level market for Aromas; mapped with Census 2020 ZCTA 95004 in San Benito County.,,,,
95045 San Juan Bautista,zcta,95045,San Juan Bautista,36.8258065,-121.5185645,693007,,2019-03-31,10,0,Zillow ZIP-level market for San Juan Bautista; mapped with Census 2020 ZCTA 95045 in San Benito County.,,,,
95023 Hollister,zcta,95023,Hollister,36.9199935,-121.3221878,602335,,2019-04-30,10,0,Zillow ZIP-level market for Hollister; mapped with Census 2020 ZCTA 95023 in San Benito County.,,,,
95004 Aromas,zcta,95004,Aromas,36.8747551,-121.6307316,777780,,2019-04-30,10,0,Zillow ZIP-level market for Aromas; mapped with Census 2020 ZCTA 95004 in San Benito County.,,,,
95045 San Juan Bautista,zcta,95045,San Juan Bautista,36.8258065,-121.5185645,696408,,2019-04-30,10,0,Zillow ZIP-level market for San Juan Bautista; mapped with Census 2020 ZCTA 95045 in San Benito County.,,,,
95023 Hollister,zcta,95023,Hollister,36.9199935,-121.3221878,603512,,2019-05-31,10,0,Zillow ZIP-level market for Hollister; mapped with Census 2020 ZCTA 95023 in San Benito County.,,,,
95004 Aromas,zcta,95004,Aromas,36.8747551,-121.6307316,781978,,2019-05-31,10,0,Zillow ZIP-level market for Aromas; mapped with Census 2020 ZCTA 95004 in San Benito County.,,,,
95045 San Juan Bautista,zcta,95045,San Juan Bautista,36.8258065,-121.5185645,699175,,2019-05-31,10,0,Zillow ZIP-level market for San Juan Bautista; mapped with Census 2020 ZCTA 95045 in San Benito County.,,,,
95023 Hollister,zcta,95023,Hollister,36.9199935,-121.3221878,603395,,2019-06-30,10,0,Zillow ZIP-level market for Hollister; mapped with Census 2020 ZCTA 95023 in San Benito County.,,,,
95004 Aromas,zcta,95004,Aromas,36.8747551,-121.6307316,784587,,2019-06-30,10,0,Zillow ZIP-level market for Aromas; mapped with Census 2020 ZCTA 95004 in San Benito County.,,,,
95045 San Juan Bautista,zcta,95045,San Juan Bautista,36.8258065,-121.5185645,700984,,2019-06-30,10,0,Zillow ZIP-level market for San Juan Bautista; mapped with Census 2020 ZCTA 95045 in San Benito County.,,,,
95023 Hollister,zcta,95023,Hollister,36.9199935,-121.3221878,603572,,2019-07-31,10,0,Zillow ZIP-level market for Hollister; mapped with Census 2020 ZCTA 95023 in San Benito County.,,,,
95004 Aromas,zcta,95004,Aromas,36.8747551,-121.6307316,785807,,2019-07-31,10,0,Zillow ZIP-level market for Aromas; mapped with Census 2020 ZCTA 95004 in San Benito County.,,,,
95045 San Juan Bautista,zcta,95045,San Juan Bautista,36.8258065,-121.5185645,702626,,2019-07-31,10,0,Zillow ZIP-level market for San Juan Bautista; mapped with Census 2020 ZCTA 95045 in San Benito County.,,,,
95023 Hollister,zcta,95023,Hollister,36.9199935,-121.3221878,604370,,2019-08-31,10,0,Zillow ZIP-level market for Hollister; mapped with Census 2020 ZCTA 95023 in San Benito County.,,,,
95004 Aromas,zcta,95004,Aromas,36.8747551,-121.6307316,786181,,2019-08-31,10,0,Zillow ZIP-level market for Aromas; mapped with Census 2020 ZCTA 95004 in San Benito County.,,,,
95045 San Juan Bautista,zcta,95045,San Juan Bautista,36.8258065,-121.5185645,706270,,2019-08-31,10,0,Zillow ZIP-level market for San Juan Bautista; mapped with Census 2020 ZCTA 95045 in San Benito County.,,,,
95023 Hollister,zcta,95023,Hollister,36.9199935,-121.3221878,605347,,2019-09-30,10,0,Zillow ZIP-level market for Hollister; mapped with Census 2020 ZCTA 95023 in San Benito County.,,,,
95004 Aromas,zcta,95004,Aromas,36.8747551,-121.6307316,786460,,2019-09-30,10,0,Zillow ZIP-level market for Aromas; mapped with Census 2020 ZCTA 95004 in San Benito County.,,,,
95045 San Juan Bautista,zcta,95045,San Juan Bautista,36.8258065,-121.5185645,708531,,2019-09-30,10,0,Zillow ZIP-level market for San Juan Bautista; mapped with Census 2020 ZCTA 95045 in San Benito County.,,,,
95023 Hollister,zcta,95023,Hollister,36.9199935,-121.3221878,606160,,2019-10-31,10,0,Zillow ZIP-level market for Hollister; mapped with Census 2020 ZCTA 95023 in San Benito County.,,,,
95004 Aromas,zcta,95004,Aromas,36.8747551,-121.6307316,787959,,2019-10-31,10,0,Zillow ZIP-level market for Aromas; mapped with Census 2020 ZCTA 95004 in San Benito County.,,,,
95045 San Juan Bautista,zcta,95045,San Juan Bautista,36.8258065,-121.5185645,710224,,2019-10-31,10,0,Zillow ZIP-level market for San Juan Bautista; mapped with Census 2020 ZCTA 95045 in San Benito County.,,,,
95023 Hollister,zcta,95023,Hollister,36.9199935,-121.3221878,607375,,2019-11-30,10,0,Zillow ZIP-level market for Hollister; mapped with Census 2020 ZCTA 95023 in San Benito County.,,,,
95004 Aromas,zcta,95004,Aromas,36.8747551,-121.6307316,790239,,2019-11-30,10,0,Zillow ZIP-level market for Aromas; mapped with Census 2020 ZCTA 95004 in San Benito County.,,,,
95045 San Juan Bautista,zcta,95045,San Juan Bautista,36.8258065,-121.5185645,711097,,2019-11-30,10,0,Zillow ZIP-level market for San Juan Bautista; mapped with Census 2020 ZCTA 95045 in San Benito County.,,,,
95023 Hollister,zcta,95023,Hollister,36.9199935,-121.3221878,608178,,2019-12-31,10,0,Zillow ZIP-level market for Hollister; mapped with Census 2020 ZCTA 95023 in San Benito County.,,,,
95004 Aromas,zcta,95004,Aromas,36.8747551,-121.6307316,791545,,2019-12-31,10,0,Zillow ZIP-level market for Aromas; mapped with Census 2020 ZCTA 95004 in San Benito County.,,,,
95045 San Juan Bautista,zcta,95045,San Juan Bautista,36.8258065,-121.5185645,710731,,2019-12-31,10,0,Zillow ZIP-level market for San Juan Bautista; mapped with Census 2020 ZCTA 95045 in San Benito County.,,,,
95023 Hollister,zcta,95023,Hollister,36.9199935,-121.3221878,609964,,2020-01-31,10,0,Zillow ZIP-level market for Hollister; mapped with Census 2020 ZCTA 95023 in San Benito County.,,,,
95004 Aromas,zcta,95004,Aromas,36.8747551,-121.6307316,789140,,2020-01-31,10,0,Zillow ZIP-level market for Aromas; mapped with Census 2020 ZCTA 95004 in San Benito County.,,,,
95045 San Juan Bautista,zcta,95045,San Juan Bautista,36.8258065,-121.5185645,711831,,2020-01-31,10,0,Zillow ZIP-level market for San Juan Bautista; mapped with Census 2020 ZCTA 95045 in San Benito County.,,,,
95023 Hollister,zcta,95023,Hollister,36.9199935,-121.3221878,613223,,2020-02-29,10,0,Zillow ZIP-level market for Hollister; mapped with Census 2020 ZCTA 95023 in San Benito County.,,,,
95004 Aromas,zcta,95004,Aromas,36.8747551,-121.6307316,787289,,2020-02-29,10,0,Zillow ZIP-level market for Aromas; mapped with Census 2020 ZCTA 95004 in San Benito County.,,,,
95045 San Juan Bautista,zcta,95045,San Juan Bautista,36.8258065,-121.5185645,714120,,2020-02-29,10,0,Zillow ZIP-level market for San Juan Bautista; mapped with Census 2020 ZCTA 95045 in San Benito County.,,,,
95023 Hollister,zcta,95023,Hollister,36.9199935,-121.3221878,618714,,2020-03-31,10,0,Zillow ZIP-level market for Hollister; mapped with Census 2020 ZCTA 95023 in San Benito County.,,,,
95004 Aromas,zcta,95004,Aromas,36.8747551,-121.6307316,787534,,2020-03-31,10,0,Zillow ZIP-level market for Aromas; mapped with Census 2020 ZCTA 95004 in San Benito County.,,,,
95045 San Juan Bautista,zcta,95045,San Juan Bautista,36.8258065,-121.5185645,720284,,2020-03-31,10,0,Zillow ZIP-level market for San Juan Bautista; mapped with Census 2020 ZCTA 95045 in San Benito County.,,,,
95023 Hollister,zcta,95023,Hollister,36.9199935,-121.3221878,622924,,2020-04-30,10,0,Zillow ZIP-level market for Hollister; mapped with Census 2020 ZCTA 95023 in San Benito County.,,,,
95004 Aromas,zcta,95004,Aromas,36.8747551,-121.6307316,791503,,2020-04-30,10,0,Zillow ZIP-level market for Aromas; mapped with Census 2020 ZCTA 95004 in San Benito County.,,,,
95045 San Juan Bautista,zcta,95045,San Juan Bautista,36.8258065,-121.5185645,725380,,2020-04-30,10,0,Zillow ZIP-level market for San Juan Bautista; mapped with Census 2020 ZCTA 95045 in San Benito County.,,,,
95023 Hollister,zcta,95023,Hollister,36.9199935,-121.3221878,623465,,2020-05-31,10,0,Zillow ZIP-level market for Hollister; mapped with Census 2020 ZCTA 95023 in San Benito County.,,,,
95004 Aromas,zcta,95004,Aromas,36.8747551,-121.6307316,792273,,2020-05-31,10,0,Zillow ZIP-level market for Aromas; mapped with Census 2020 ZCTA 95004 in San Benito County.,,,,
95045 San Juan Bautista,zcta,95045,San Juan Bautista,36.8258065,-121.5185645,726877,,2020-05-31,10,0,Zillow ZIP-level market for San Juan Bautista; mapped with Census 2020 ZCTA 95045 in San Benito County.,,,,
95023 Hollister,zcta,95023,Hollister,36.9199935,-121.3221878,621190,,2020-06-30,10,0,Zillow ZIP-level market for Hollister; mapped with Census 2020 ZCTA 95023 in San Benito County.,,,,
95004 Aromas,zcta,95004,Aromas,36.8747551,-121.6307316,790735,,2020-06-30,10,0,Zillow ZIP-level market for Aromas; mapped with Census 2020 ZCTA 95004 in San Benito County.,,,,
95045 San Juan Bautista,zcta,95045,San Juan Bautista,36.8258065,-121.5185645,724871,,2020-06-30,10,0,Zillow ZIP-level market for San Juan Bautista; mapped with Census 2020 ZCTA 95045 in San Benito County.,,,,
95023 Hollister,zcta,95023,Hollister,36.9199935,-121.3221878,619927,,2020-07-31,10,0,Zillow ZIP-level market for Hollister; mapped with Census 2020 ZCTA 95023 in San Benito County.,,,,
95004 Aromas,zcta,95004,Aromas,36.8747551,-121.6307316,789106,,2020-07-31,10,0,Zillow ZIP-level market for Aromas; mapped with Census 2020 ZCTA 95004 in San Benito County.,,,,
95045 San Juan Bautista,zcta,95045,San Juan Bautista,36.8258065,-121.5185645,724578,,2020-07-31,10,0,Zillow ZIP-level market for San Juan Bautista; mapped with Census 2020 ZCTA 95045 in San Benito County.,,,,
95023 Hollister,zcta,95023,Hollister,36.9199935,-121.3221878,622720,,2020-08-31,10,0,Zillow ZIP-level market for Hollister; mapped with Census 2020 ZCTA 95023 in San Benito County.,,,,
95004 Aromas,zcta,95004,Aromas,36.8747551,-121.6307316,795738,,2020-08-31,10,0,Zillow ZIP-level market for Aromas; mapped with Census 2020 ZCTA 95004 in San Benito County.,,,,
95045 San Juan Bautista,zcta,95045,San Juan Bautista,36.8258065,-121.5185645,728486,,2020-08-31,10,0,Zillow ZIP-level market for San Juan Bautista; mapped with Census 2020 ZCTA 95045 in San Benito County.,,,,
95023 Hollister,zcta,95023,Hollister,36.9199935,-121.3221878,630802,,2020-09-30,10,0,Zillow ZIP-level market for Hollister; mapped with Census 2020 ZCTA 95023 in San Benito County.,,,,
95004 Aromas,zcta,95004,Aromas,36.8747551,-121.6307316,809045,,2020-09-30,10,0,Zillow ZIP-level market for Aromas; mapped with Census 2020 ZCTA 95004 in San Benito County.,,,,
95045 San Juan Bautista,zcta,95045,San Juan Bautista,36.8258065,-121.5185645,739670,,2020-09-30,10,0,Zillow ZIP-level market for San Juan Bautista; mapped with Census 2020 ZCTA 95045 in San Benito County.,,,,
95023 Hollister,zcta,95023,Hollister,36.9199935,-121.3221878,641091,,2020-10-31,10,0,Zillow ZIP-level market for Hollister; mapped with Census 2020 ZCTA 95023 in San Benito County.,,,,
95004 Aromas,zcta,95004,Aromas,36.8747551,-121.6307316,825938,,2020-10-31,10,0,Zillow ZIP-level market for Aromas; mapped with Census 2020 ZCTA 95004 in San Benito County.,,,,
95045 San Juan Bautista,zcta,95045,San Juan Bautista,36.8258065,-121.5185645,751736,,2020-10-31,10,0,Zillow ZIP-level market for San Juan Bautista; mapped with Census 2020 ZCTA 95045 in San Benito County.,,,,
95023 Hollister,zcta,95023,Hollister,36.9199935,-121.3221878,652926,,2020-11-30,10,0,Zillow ZIP-level market for Hollister; mapped with Census 2020 ZCTA 95023 in San Benito County.,,,,
95004 Aromas,zcta,95004,Aromas,36.8747551,-121.6307316,841873,,2020-11-30,10,0,Zillow ZIP-level market for Aromas; mapped with Census 2020 ZCTA 95004 in San Benito County.,,,,
95045 San Juan Bautista,zcta,95045,San Juan Bautista,36.8258065,-121.5185645,765867,,2020-11-30,10,0,Zillow ZIP-level market for San Juan Bautista; mapped with Census 2020 ZCTA 95045 in San Benito County.,,,,
95023 Hollister,zcta,95023,Hollister,36.9199935,-121.3221878,664457,,2020-12-31,10,0,Zillow ZIP-level market for Hollister; mapped with Census 2020 ZCTA 95023 in San Benito County.,,,,
95004 Aromas,zcta,95004,Aromas,36.8747551,-121.6307316,857593,,2020-12-31,10,0,Zillow ZIP-level market for Aromas; mapped with Census 2020 ZCTA 95004 in San Benito County.,,,,
95045 San Juan Bautista,zcta,95045,San Juan Bautista,36.8258065,-121.5185645,776979,,2020-12-31,10,0,Zillow ZIP-level market for San Juan Bautista; mapped with Census 2020 ZCTA 95045 in San Benito County.,,,,
95023 Hollister,zcta,95023,Hollister,36.9199935,-121.3221878,675914,,2021-01-31,10,0,Zillow ZIP-level market for Hollister; mapped with Census 2020 ZCTA 95023 in San Benito County.,,,,
95004 Aromas,zcta,95004,Aromas,36.8747551,-121.6307316,871649,,2021-01-31,10,0,Zillow ZIP-level market for Aromas; mapped with Census 2020 ZCTA 95004 in San Benito County.,,,,
95045 San Juan Bautista,zcta,95045,San Juan Bautista,36.8258065,-121.5185645,788779,,2021-01-31,10,0,Zillow ZIP-level market for San Juan Bautista; mapped with Census 2020 ZCTA 95045 in San Benito County.,,,,
95023 Hollister,zcta,95023,Hollister,36.9199935,-121.3221878,688064,,2021-02-28,10,0,Zillow ZIP-level market for Hollister; mapped with Census 2020 ZCTA 95023 in San Benito County.,,,,
95004 Aromas,zcta,95004,Aromas,36.8747551,-121.6307316,885698,,2021-02-28,10,0,Zillow ZIP-level market for Aromas; mapped with Census 2020 ZCTA 95004 in San Benito County.,,,,
95045 San Juan Bautista,zcta,95045,San Juan Bautista,36.8258065,-121.5185645,800680,,2021-02-28,10,0,Zillow ZIP-level market for San Juan Bautista; mapped with Census 2020 ZCTA 95045 in San Benito County.,,,,
95023 Hollister,zcta,95023,Hollister,36.9199935,-121.3221878,701047,,2021-03-31,10,0,Zillow ZIP-level market for Hollister; mapped with Census 2020 ZCTA 95023 in San Benito County.,,,,
95004 Aromas,zcta,95004,Aromas,36.8747551,-121.6307316,896902,,2021-03-31,10,0,Zillow ZIP-level market for Aromas; mapped with Census 2020 ZCTA 95004 in San Benito County.,,,,
95045 San Juan Bautista,zcta,95045,San Juan Bautista,36.8258065,-121.5185645,814978,,2021-03-31,10,0,Zillow ZIP-level market for San Juan Bautista; mapped with Census 2020 ZCTA 95045 in San Benito County.,,,,
95023 Hollister,zcta,95023,Hollister,36.9199935,-121.3221878,715125,,2021-04-30,10,0,Zillow ZIP-level market for Hollister; mapped with Census 2020 ZCTA 95023 in San Benito County.,,,,
95004 Aromas,zcta,95004,Aromas,36.8747551,-121.6307316,912420,,2021-04-30,10,0,Zillow ZIP-level market for Aromas; mapped with Census 2020 ZCTA 95004 in San Benito County.,,,,
95045 San Juan Bautista,zcta,95045,San Juan Bautista,36.8258065,-121.5185645,832314,,2021-04-30,10,0,Zillow ZIP-level market for San Juan Bautista; mapped with Census 2020 ZCTA 95045 in San Benito County.,,,,
95023 Hollister,zcta,95023,Hollister,36.9199935,-121.3221878,729499,,2021-05-31,10,0,Zillow ZIP-level market for Hollister; mapped with Census 2020 ZCTA 95023 in San Benito County.,,,,
95004 Aromas,zcta,95004,Aromas,36.8747551,-121.6307316,931154,,2021-05-31,10,0,Zillow ZIP-level market for Aromas; mapped with Census 2020 ZCTA 95004 in San Benito County.,,,,
95045 San Juan Bautista,zcta,95045,San Juan Bautista,36.8258065,-121.5185645,851656,,2021-05-31,10,0,Zillow ZIP-level market for San Juan Bautista; mapped with Census 2020 ZCTA 95045 in San Benito County.,,,,
95023 Hollister,zcta,95023,Hollister,36.9199935,-121.3221878,742259,,2021-06-30,10,0,Zillow ZIP-level market for Hollister; mapped with Census 2020 ZCTA 95023 in San Benito County.,,,,
95004 Aromas,zcta,95004,Aromas,36.8747551,-121.6307316,951508,,2021-06-30,10,0,Zillow ZIP-level market for Aromas; mapped with Census 2020 ZCTA 95004 in San Benito County.,,,,
95045 San Juan Bautista,zcta,95045,San Juan Bautista,36.8258065,-121.5185645,869998,,2021-06-30,10,0,Zillow ZIP-level market for San Juan Bautista; mapped with Census 2020 ZCTA 95045 in San Benito County.,,,,
95023 Hollister,zcta,95023,Hollister,36.9199935,-121.3221878,753294,,2021-07-31,10,0,Zillow ZIP-level market for Hollister; mapped with Census 2020 ZCTA 95023 in San Benito County.,,,,
95004 Aromas,zcta,95004,Aromas,36.8747551,-121.6307316,968037,,2021-07-31,10,0,Zillow ZIP-level market for Aromas; mapped with Census 2020 ZCTA 95004 in San Benito County.,,,,
95045 San Juan Bautista,zcta,95045,San Juan Bautista,36.8258065,-121.5185645,884546,,2021-07-31,10,0,Zillow ZIP-level market for San Juan Bautista; mapped with Census 2020 ZCTA 95045 in San Benito County.,,,,
95023 Hollister,zcta,95023,Hollister,36.9199935,-121.3221878,761623,,2021-08-31,10,0,Zillow ZIP-level market for Hollister; mapped with Census 2020 ZCTA 95023 in San Benito County.,,,,
95004 Aromas,zcta,95004,Aromas,36.8747551,-121.6307316,976496,,2021-08-31,10,0,Zillow ZIP-level market for Aromas; mapped with Census 2020 ZCTA 95004 in San Benito County.,,,,
95045 San Juan Bautista,zcta,95045,San Juan Bautista,36.8258065,-121.5185645,893891,,2021-08-31,10,0,Zillow ZIP-level market for San Juan Bautista; mapped with Census 2020 ZCTA 95045 in San Benito County.,,,,
95023 Hollister,zcta,95023,Hollister,36.9199935,-121.3221878,769147,,2021-09-30,10,0,Zillow ZIP-level market for Hollister; mapped with Census 2020 ZCTA 95023 in San Benito County.,,,,
95004 Aromas,zcta,95004,Aromas,36.8747551,-121.6307316,980286,,2021-09-30,10,0,Zillow ZIP-level market for Aromas; mapped with Census 2020 ZCTA 95004 in San Benito County.,,,,
95045 San Juan Bautista,zcta,95045,San Juan Bautista,36.8258065,-121.5185645,900570,,2021-09-30,10,0,Zillow ZIP-level market for San Juan Bautista; mapped with Census 2020 ZCTA 95045 in San Benito County.,,,,
95023 Hollister,zcta,95023,Hollister,36.9199935,-121.3221878,776282,,2021-10-31,10,0,Zillow ZIP-level market for Hollister; mapped with Census 2020 ZCTA 95023 in San Benito County.,,,,
95004 Aromas,zcta,95004,Aromas,36.8747551,-121.6307316,982157,,2021-10-31,10,0,Zillow ZIP-level market for Aromas; mapped with Census 2020 ZCTA 95004 in San Benito County.,,,,
95045 San Juan Bautista,zcta,95045,San Juan Bautista,36.8258065,-121.5185645,906508,,2021-10-31,10,0,Zillow ZIP-level market for San Juan Bautista; mapped with Census 2020 ZCTA 95045 in San Benito County.,,,,
95023 Hollister,zcta,95023,Hollister,36.9199935,-121.3221878,783806,,2021-11-30,10,0,Zillow ZIP-level market for Hollister; mapped with Census 2020 ZCTA 95023 in San Benito County.,,,,
95004 Aromas,zcta,95004,Aromas,36.8747551,-121.6307316,984305,,2021-11-30,10,0,Zillow ZIP-level market for Aromas; mapped with Census 2020 ZCTA 95004 in San Benito County.,,,,
95045 San Juan Bautista,zcta,95045,San Juan Bautista,36.8258065,-121.5185645,912862,,2021-11-30,10,0,Zillow ZIP-level market for San Juan Bautista; mapped with Census 2020 ZCTA 95045 in San Benito County.,,,,
95023 Hollister,zcta,95023,Hollister,36.9199935,-121.3221878,791918,,2021-12-31,10,0,Zillow ZIP-level market for Hollister; mapped with Census 2020 ZCTA 95023 in San Benito County.,,,,
95004 Aromas,zcta,95004,Aromas,36.8747551,-121.6307316,984789,,2021-12-31,10,0,Zillow ZIP-level market for Aromas; mapped with Census 2020 ZCTA 95004 in San Benito County.,,,,
95045 San Juan Bautista,zcta,95045,San Juan Bautista,36.8258065,-121.5185645,920009,,2021-12-31,10,0,Zillow ZIP-level market for San Juan Bautista; mapped with Census 2020 ZCTA 95045 in San Benito County.,,,,
95023 Hollister,zcta,95023,Hollister,36.9199935,-121.3221878,802579,,2022-01-31,10,0,Zillow ZIP-level market for Hollister; mapped with Census 2020 ZCTA 95023 in San Benito County.,,,,
95004 Aromas,zcta,95004,Aromas,36.8747551,-121.6307316,992056,,2022-01-31,10,0,Zillow ZIP-level market for Aromas; mapped with Census 2020 ZCTA 95004 in San Benito County.,,,,
95045 San Juan Bautista,zcta,95045,San Juan Bautista,36.8258065,-121.5185645,929673,,2022-01-31,10,0,Zillow ZIP-level market for San Juan Bautista; mapped with Census 2020 ZCTA 95045 in San Benito County.,,,,
95023 Hollister,zcta,95023,Hollister,36.9199935,-121.3221878,815177,,2022-02-28,10,0,Zillow ZIP-level market for Hollister; mapped with Census 2020 ZCTA 95023 in San Benito County.,,,,
95004 Aromas,zcta,95004,Aromas,36.8747551,-121.6307316,1006206,,2022-02-28,10,0,Zillow ZIP-level market for Aromas; mapped with Census 2020 ZCTA 95004 in San Benito County.,,,,
95045 San Juan Bautista,zcta,95045,San Juan Bautista,36.8258065,-121.5185645,940525,,2022-02-28,10,0,Zillow ZIP-level market for San Juan Bautista; mapped with Census 2020 ZCTA 95045 in San Benito County.,,,,
95023 Hollister,zcta,95023,Hollister,36.9199935,-121.3221878,830141,,2022-03-31,10,0,Zillow ZIP-level market for Hollister; mapped with Census 2020 ZCTA 95023 in San Benito County.,,,,
95004 Aromas,zcta,95004,Aromas,36.8747551,-121.6307316,1028529,,2022-03-31,10,0,Zillow ZIP-level market for Aromas; mapped with Census 2020 ZCTA 95004 in San Benito County.,,,,
95045 San Juan Bautista,zcta,95045,San Juan Bautista,36.8258065,-121.5185645,953952,,2022-03-31,10,0,Zillow ZIP-level market for San Juan Bautista; mapped with Census 2020 ZCTA 95045 in San Benito County.,,,,
95023 Hollister,zcta,95023,Hollister,36.9199935,-121.3221878,842027,,2022-04-30,10,0,Zillow ZIP-level market for Hollister; mapped with Census 2020 ZCTA 95023 in San Benito County.,,,,
95004 Aromas,zcta,95004,Aromas,36.8747551,-121.6307316,1045898,,2022-04-30,10,0,Zillow ZIP-level market for Aromas; mapped with Census 2020 ZCTA 95004 in San Benito County.,,,,
95045 San Juan Bautista,zcta,95045,San Juan Bautista,36.8258065,-121.5185645,966726,,2022-04-30,10,0,Zillow ZIP-level market for San Juan Bautista; mapped with Census 2020 ZCTA 95045 in San Benito County.,,,,
95023 Hollister,zcta,95023,Hollister,36.9199935,-121.3221878,849088,,2022-05-31,10,0,Zillow ZIP-level market for Hollister; mapped with Census 2020 ZCTA 95023 in San Benito County.,,,,
95004 Aromas,zcta,95004,Aromas,36.8747551,-121.6307316,1056035,,2022-05-31,10,0,Zillow ZIP-level market for Aromas; mapped with Census 2020 ZCTA 95004 in San Benito County.,,,,
95045 San Juan Bautista,zcta,95045,San Juan Bautista,36.8258065,-121.5185645,977143,,2022-05-31,10,0,Zillow ZIP-level market for San Juan Bautista; mapped with Census 2020 ZCTA 95045 in San Benito County.,,,,
95023 Hollister,zcta,95023,Hollister,36.9199935,-121.3221878,848552,,2022-06-30,10,0,Zillow ZIP-level market for Hollister; mapped with Census 2020 ZCTA 95023 in San Benito County.,,,,
95004 Aromas,zcta,95004,Aromas,36.8747551,-121.6307316,1057651,,2022-06-30,10,0,Zillow ZIP-level market for Aromas; mapped with Census 2020 ZCTA 95004 in San Benito County.,,,,
95045 San Juan Bautista,zcta,95045,San Juan Bautista,36.8258065,-121.5185645,981394,,2022-06-30,10,0,Zillow ZIP-level market for San Juan Bautista; mapped with Census 2020 ZCTA 95045 in San Benito County.,,,,
95023 Hollister,zcta,95023,Hollister,36.9199935,-121.3221878,841335,,2022-07-31,10,0,Zillow ZIP-level market for Hollister; mapped with Census 2020 ZCTA 95023 in San Benito County.,,,,
95004 Aromas,zcta,95004,Aromas,36.8747551,-121.6307316,1050816,,2022-07-31,10,0,Zillow ZIP-level market for Aromas; mapped with Census 2020 ZCTA 95004 in San Benito County.,,,,
95045 San Juan Bautista,zcta,95045,San Juan Bautista,36.8258065,-121.5185645,975235,,2022-07-31,10,0,Zillow ZIP-level market for San Juan Bautista; mapped with Census 2020 ZCTA 95045 in San Benito County.,,,,
95023 Hollister,zcta,95023,Hollister,36.9199935,-121.3221878,829028,,2022-08-31,10,0,Zillow ZIP-level market for Hollister; mapped with Census 2020 ZCTA 95023 in San Benito County.,,,,
95004 Aromas,zcta,95004,Aromas,36.8747551,-121.6307316,1037475,,2022-08-31,10,0,Zillow ZIP-level market for Aromas; mapped with Census 2020 ZCTA 95004 in San Benito County.,,,,
95045 San Juan Bautista,zcta,95045,San Juan Bautista,36.8258065,-121.5185645,962926,,2022-08-31,10,0,Zillow ZIP-level market for San Juan Bautista; mapped with Census 2020 ZCTA 95045 in San Benito County.,,,,
95023 Hollister,zcta,95023,Hollister,36.9199935,-121.3221878,815507,,2022-09-30,10,0,Zillow ZIP-level market for Hollister; mapped with Census 2020 ZCTA 95023 in San Benito County.,,,,
95004 Aromas,zcta,95004,Aromas,36.8747551,-121.6307316,1020440,,2022-09-30,10,0,Zillow ZIP-level market for Aromas; mapped with Census 2020 ZCTA 95004 in San Benito County.,,,,
95045 San Juan Bautista,zcta,95045,San Juan Bautista,36.8258065,-121.5185645,945175,,2022-09-30,10,0,Zillow ZIP-level market for San Juan Bautista; mapped with Census 2020 ZCTA 95045 in San Benito County.,,,,
95023 Hollister,zcta,95023,Hollister,36.9199935,-121.3221878,804006,,2022-10-31,10,0,Zillow ZIP-level market for Hollister; mapped with Census 2020 ZCTA 95023 in San Benito County.,,,,
95004 Aromas,zcta,95004,Aromas,36.8747551,-121.6307316,1007105,,2022-10-31,10,0,Zillow ZIP-level market for Aromas; mapped with Census 2020 ZCTA 95004 in San Benito County.,,,,
95045 San Juan Bautista,zcta,95045,San Juan Bautista,36.8258065,-121.5185645,931021,,2022-10-31,10,0,Zillow ZIP-level market for San Juan Bautista; mapped with Census 2020 ZCTA 95045 in San Benito County.,,,,
95023 Hollister,zcta,95023,Hollister,36.9199935,-121.3221878,794129,,2022-11-30,10,0,Zillow ZIP-level market for Hollister; mapped with Census 2020 ZCTA 95023 in San Benito County.,,,,
95004 Aromas,zcta,95004,Aromas,36.8747551,-121.6307316,996323,,2022-11-30,10,0,Zillow ZIP-level market for Aromas; mapped with Census 2020 ZCTA 95004 in San Benito County.,,,,
95045 San Juan Bautista,zcta,95045,San Juan Bautista,36.8258065,-121.5185645,919160,,2022-11-30,10,0,Zillow ZIP-level market for San Juan Bautista; mapped with Census 2020 ZCTA 95045 in San Benito County.,,,,
95023 Hollister,zcta,95023,Hollister,36.9199935,-121.3221878,784170,2636,2022-12-31,10,0,Zillow ZIP-level market for Hollister; mapped with Census 2020 ZCTA 95023 in San Benito County.,,2636,Zillow ZORI,
95004 Aromas,zcta,95004,Aromas,36.8747551,-121.6307316,986964,,2022-12-31,10,0,Zillow ZIP-level market for Aromas; mapped with Census 2020 ZCTA 95004 in San Benito County.,,,,
95045 San Juan Bautista,zcta,95045,San Juan Bautista,36.8258065,-121.5185645,910940,,2022-12-31,10,0,Zillow ZIP-level market for San Juan Bautista; mapped with Census 2020 ZCTA 95045 in San Benito County.,,,,
95023 Hollister,zcta,95023,Hollister,36.9199935,-121.3221878,776613,2548,2023-01-31,10,0,Zillow ZIP-level market for Hollister; mapped with Census 2020 ZCTA 95023 in San Benito County.,,2548,Zillow ZORI,
95004 Aromas,zcta,95004,Aromas,36.8747551,-121.6307316,974330,,2023-01-31,10,0,Zillow ZIP-level market for Aromas; mapped with Census 2020 ZCTA 95004 in San Benito County.,,,,
95045 San Juan Bautista,zcta,95045,San Juan Bautista,36.8258065,-121.5185645,904592,,2023-01-31,10,0,Zillow ZIP-level market for San Juan Bautista; mapped with Census 2020 ZCTA 95045 in San Benito County.,,,,
95023 Hollister,zcta,95023,Hollister,36.9199935,-121.3221878,768969,2571,2023-02-28,10,0,Zillow ZIP-level market for Hollister; mapped with Census 2020 ZCTA 95023 in San Benito County.,,2571,Zillow ZORI,
95004 Aromas,zcta,95004,Aromas,36.8747551,-121.6307316,963461,,2023-02-28,10,0,Zillow ZIP-level market for Aromas; mapped with Census 2020 ZCTA 95004 in San Benito County.,,,,
95045 San Juan Bautista,zcta,95045,San Juan Bautista,36.8258065,-121.5185645,898659,,2023-02-28,10,0,Zillow ZIP-level market for San Juan Bautista; mapped with Census 2020 ZCTA 95045 in San Benito County.,,,,
95023 Hollister,zcta,95023,Hollister,36.9199935,-121.3221878,764773,2595,2023-03-31,10,0,Zillow ZIP-level market for Hollister; mapped with Census 2020 ZCTA 95023 in San Benito County.,,2595,Zillow ZORI,
95004 Aromas,zcta,95004,Aromas,36.8747551,-121.6307316,958906,,2023-03-31,10,0,Zillow ZIP-level market for Aromas; mapped with Census 2020 ZCTA 95004 in San Benito County.,,,,
95045 San Juan Bautista,zcta,95045,San Juan Bautista,36.8258065,-121.5185645,895996,,2023-03-31,10,0,Zillow ZIP-level market for San Juan Bautista; mapped with Census 2020 ZCTA 95045 in San Benito County.,,,,
95023 Hollister,zcta,95023,Hollister,36.9199935,-121.3221878,762627,2695,2023-04-30,10,0,Zillow ZIP-level market for Hollister; mapped with Census 2020 ZCTA 95023 in San Benito County.,,2695,Zillow ZORI,
95004 Aromas,zcta,95004,Aromas,36.8747551,-121.6307316,963355,,2023-04-30,10,0,Zillow ZIP-level market for Aromas; mapped with Census 2020 ZCTA 95004 in San Benito County.,,,,
95045 San Juan Bautista,zcta,95045,San Juan Bautista,36.8258065,-121.5185645,895389,,2023-04-30,10,0,Zillow ZIP-level market for San Juan Bautista; mapped with Census 2020 ZCTA 95045 in San Benito County.,,,,
95023 Hollister,zcta,95023,Hollister,36.9199935,-121.3221878,764093,2726,2023-05-31,10,0,Zillow ZIP-level market for Hollister; mapped with Census 2020 ZCTA 95023 in San Benito County.,,2726,Zillow ZORI,
95004 Aromas,zcta,95004,Aromas,36.8747551,-121.6307316,975166,,2023-05-31,10,0,Zillow ZIP-level market for Aromas; mapped with Census 2020 ZCTA 95004 in San Benito County.,,,,
95045 San Juan Bautista,zcta,95045,San Juan Bautista,36.8258065,-121.5185645,900450,,2023-05-31,10,0,Zillow ZIP-level market for San Juan Bautista; mapped with Census 2020 ZCTA 95045 in San Benito County.,,,,
95023 Hollister,zcta,95023,Hollister,36.9199935,-121.3221878,766414,2713,2023-06-30,10,0,Zillow ZIP-level market for Hollister; mapped with Census 2020 ZCTA 95023 in San Benito County.,,2713,Zillow ZORI,
95004 Aromas,zcta,95004,Aromas,36.8747551,-121.6307316,984694,,2023-06-30,10,0,Zillow ZIP-level market for Aromas; mapped with Census 2020 ZCTA 95004 in San Benito County.,,,,
95045 San Juan Bautista,zcta,95045,San Juan Bautista,36.8258065,-121.5185645,906963,,2023-06-30,10,0,Zillow ZIP-level market for San Juan Bautista; mapped with Census 2020 ZCTA 95045 in San Benito County.,,,,
95023 Hollister,zcta,95023,Hollister,36.9199935,-121.3221878,767790,2711,2023-07-31,10,0,Zillow ZIP-level market for Hollister; mapped with Census 2020 ZCTA 95023 in San Benito County.,,2711,Zillow ZORI,
95004 Aromas,zcta,95004,Aromas,36.8747551,-121.6307316,993356,,2023-07-31,10,0,Zillow ZIP-level market for Aromas; mapped with Census 2020 ZCTA 95004 in San Benito County.,,,,
95045 San Juan Bautista,zcta,95045,San Juan Bautista,36.8258065,-121.5185645,913549,,2023-07-31,10,0,Zillow ZIP-level market for San Juan Bautista; mapped with Census 2020 ZCTA 95045 in San Benito County.,,,,
95023 Hollister,zcta,95023,Hollister,36.9199935,-121.3221878,769945,2712,2023-08-31,10,0,Zillow ZIP-level market for Hollister; mapped with Census 2020 ZCTA 95023 in San Benito County.,,2712,Zillow ZORI,
95004 Aromas,zcta,95004,Aromas,36.8747551,-121.6307316,996916,,2023-08-31,10,0,Zillow ZIP-level market for Aromas; mapped with Census 2020 ZCTA 95004 in San Benito County.,,,,
95045 San Juan Bautista,zcta,95045,San Juan Bautista,36.8258065,-121.5185645,916553,,2023-08-31,10,0,Zillow ZIP-level market for San Juan Bautista; mapped with Census 2020 ZCTA 95045 in San Benito County.,,,,
95023 Hollister,zcta,95023,Hollister,36.9199935,-121.3221878,770245,2697,2023-09-30,10,0,Zillow ZIP-level market for Hollister; mapped with Census 2020 ZCTA 95023 in San Benito County.,,2697,Zillow ZORI,
95004 Aromas,zcta,95004,Aromas,36.8747551,-121.6307316,999340,,2023-09-30,10,0,Zillow ZIP-level market for Aromas; mapped with Census 2020 ZCTA 95004 in San Benito County.,,,,
95045 San Juan Bautista,zcta,95045,San Juan Bautista,36.8258065,-121.5185645,917511,,2023-09-30,10,0,Zillow ZIP-level market for San Juan Bautista; mapped with Census 2020 ZCTA 95045 in San Benito County.,,,,
95023 Hollister,zcta,95023,Hollister,36.9199935,-121.3221878,768916,2654,2023-10-31,10,0,Zillow ZIP-level market for Hollister; mapped with Census 2020 ZCTA 95023 in San Benito County.,,2654,Zillow ZORI,
95004 Aromas,zcta,95004,Aromas,36.8747551,-121.6307316,998076,,2023-10-31,10,0,Zillow ZIP-level market for Aromas; mapped with Census 2020 ZCTA 95004 in San Benito County.,,,,
95045 San Juan Bautista,zcta,95045,San Juan Bautista,36.8258065,-121.5185645,917705,,2023-10-31,10,0,Zillow ZIP-level market for San Juan Bautista; mapped with Census 2020 ZCTA 95045 in San Benito County.,,,,
95023 Hollister,zcta,95023,Hollister,36.9199935,-121.3221878,766300,2657,2023-11-30,10,0,Zillow ZIP-level market for Hollister; mapped with Census 2020 ZCTA 95023 in San Benito County.,,2657,Zillow ZORI,
95004 Aromas,zcta,95004,Aromas,36.8747551,-121.6307316,995037,,2023-11-30,10,0,Zillow ZIP-level market for Aromas; mapped with Census 2020 ZCTA 95004 in San Benito County.,,,,
95045 San Juan Bautista,zcta,95045,San Juan Bautista,36.8258065,-121.5185645,917192,,2023-11-30,10,0,Zillow ZIP-level market for San Juan Bautista; mapped with Census 2020 ZCTA 95045 in San Benito County.,,,,
95023 Hollister,zcta,95023,Hollister,36.9199935,-121.3221878,764809,2679,2023-12-31,10,0,Zillow ZIP-level market for Hollister; mapped with Census 2020 ZCTA 95023 in San Benito County.,,2679,Zillow ZORI,
95004 Aromas,zcta,95004,Aromas,36.8747551,-121.6307316,991640,,2023-12-31,10,0,Zillow ZIP-level market for Aromas; mapped with Census 2020 ZCTA 95004 in San Benito County.,,,,
95045 San Juan Bautista,zcta,95045,San Juan Bautista,36.8258065,-121.5185645,916179,,2023-12-31,10,0,Zillow ZIP-level market for San Juan Bautista; mapped with Census 2020 ZCTA 95045 in San Benito County.,,,,
95023 Hollister,zcta,95023,Hollister,36.9199935,-121.3221878,764625,2720,2024-01-31,10,0,Zillow ZIP-level market for Hollister; mapped with Census 2020 ZCTA 95023 in San Benito County.,,2720,Zillow ZORI,
95004 Aromas,zcta,95004,Aromas,36.8747551,-121.6307316,988076,,2024-01-31,10,0,Zillow ZIP-level market for Aromas; mapped with Census 2020 ZCTA 95004 in San Benito County.,,,,
95045 San Juan Bautista,zcta,95045,San Juan Bautista,36.8258065,-121.5185645,913533,,2024-01-31,10,0,Zillow ZIP-level market for San Juan Bautista; mapped with Census 2020 ZCTA 95045 in San Benito County.,,,,
95023 Hollister,zcta,95023,Hollister,36.9199935,-121.3221878,765485,2700,2024-02-29,10,0,Zillow ZIP-level market for Hollister; mapped with Census 2020 ZCTA 95023 in San Benito County.,,2700,Zillow ZORI,
95004 Aromas,zcta,95004,Aromas,36.8747551,-121.6307316,986531,,2024-02-29,10,0,Zillow ZIP-level market for Aromas; mapped with Census 2020 ZCTA 95004 in San Benito County.,,,,
95045 San Juan Bautista,zcta,95045,San Juan Bautista,36.8258065,-121.5185645,911923,,2024-02-29,10,0,Zillow ZIP-level market for San Juan Bautista; mapped with Census 2020 ZCTA 95045 in San Benito County.,,,,
95023 Hollister,zcta,95023,Hollister,36.9199935,-121.3221878,767287,2751,2024-03-31,10,0,Zillow ZIP-level market for Hollister; mapped with Census 2020 ZCTA 95023 in San Benito County.,,2751,Zillow ZORI,
95004 Aromas,zcta,95004,Aromas,36.8747551,-121.6307316,992359,,2024-03-31,10,0,Zillow ZIP-level market for Aromas; mapped with Census 2020 ZCTA 95004 in San Benito County.,,,,
95045 San Juan Bautista,zcta,95045,San Juan Bautista,36.8258065,-121.5185645,913841,,2024-03-31,10,0,Zillow ZIP-level market for San Juan Bautista; mapped with Census 2020 ZCTA 95045 in San Benito County.,,,,
95023 Hollister,zcta,95023,Hollister,36.9199935,-121.3221878,770801,2755,2024-04-30,10,0,Zillow ZIP-level market for Hollister; mapped with Census 2020 ZCTA 95023 in San Benito County.,,2755,Zillow ZORI,
95004 Aromas,zcta,95004,Aromas,36.8747551,-121.6307316,1001970,,2024-04-30,10,0,Zillow ZIP-level market for Aromas; mapped with Census 2020 ZCTA 95004 in San Benito County.,,,,
95045 San Juan Bautista,zcta,95045,San Juan Bautista,36.8258065,-121.5185645,919057,,2024-04-30,10,0,Zillow ZIP-level market for San Juan Bautista; mapped with Census 2020 ZCTA 95045 in San Benito County.,,,,
95023 Hollister,zcta,95023,Hollister,36.9199935,-121.3221878,774082,2789,2024-05-31,10,0,Zillow ZIP-level market for Hollister; mapped with Census 2020 ZCTA 95023 in San Benito County.,,2789,Zillow ZORI,
95004 Aromas,zcta,95004,Aromas,36.8747551,-121.6307316,1011494,,2024-05-31,10,0,Zillow ZIP-level market for Aromas; mapped with Census 2020 ZCTA 95004 in San Benito County.,,,,
95045 San Juan Bautista,zcta,95045,San Juan Bautista,36.8258065,-121.5185645,924810,,2024-05-31,10,0,Zillow ZIP-level market for San Juan Bautista; mapped with Census 2020 ZCTA 95045 in San Benito County.,,,,
95023 Hollister,zcta,95023,Hollister,36.9199935,-121.3221878,775760,2765,2024-06-30,10,0,Zillow ZIP-level market for Hollister; mapped with Census 2020 ZCTA 95023 in San Benito County.,,2765,Zillow ZORI,
95004 Aromas,zcta,95004,Aromas,36.8747551,-121.6307316,1013805,,2024-06-30,10,0,Zillow ZIP-level market for Aromas; mapped with Census 2020 ZCTA 95004 in San Benito County.,,,,
95045 San Juan Bautista,zcta,95045,San Juan Bautista,36.8258065,-121.5185645,926607,,2024-06-30,10,0,Zillow ZIP-level market for San Juan Bautista; mapped with Census 2020 ZCTA 95045 in San Benito County.,,,,
95023 Hollister,zcta,95023,Hollister,36.9199935,-121.3221878,775586,2787,2024-07-31,10,0,Zillow ZIP-level market for Hollister; mapped with Census 2020 ZCTA 95023 in San Benito County.,,2787,Zillow ZORI,
95004 Aromas,zcta,95004,Aromas,36.8747551,-121.6307316,1014179,,2024-07-31,10,0,Zillow ZIP-level market for Aromas; mapped with Census 2020 ZCTA 95004 in San Benito County.,,,,
95045 San Juan Bautista,zcta,95045,San Juan Bautista,36.8258065,-121.5185645,927049,,2024-07-31,10,0,Zillow ZIP-level market for San Juan Bautista; mapped with Census 2020 ZCTA 95045 in San Benito County.,,,,
95023 Hollister,zcta,95023,Hollister,36.9199935,-121.3221878,774711,2828,2024-08-31,10,0,Zillow ZIP-level market for Hollister; mapped with Census 2020 ZCTA 95023 in San Benito County.,,2828,Zillow ZORI,
95004 Aromas,zcta,95004,Aromas,36.8747551,-121.6307316,1009989,,2024-08-31,10,0,Zillow ZIP-level market for Aromas; mapped with Census 2020 ZCTA 95004 in San Benito County.,,,,
95045 San Juan Bautista,zcta,95045,San Juan Bautista,36.8258065,-121.5185645,926270,,2024-08-31,10,0,Zillow ZIP-level market for San Juan Bautista; mapped with Census 2020 ZCTA 95045 in San Benito County.,,,,
95023 Hollister,zcta,95023,Hollister,36.9199935,-121.3221878,774981,2816,2024-09-30,10,0,Zillow ZIP-level market for Hollister; mapped with Census 2020 ZCTA 95023 in San Benito County.,,2816,Zillow ZORI,
95004 Aromas,zcta,95004,Aromas,36.8747551,-121.6307316,1005509,,2024-09-30,10,0,Zillow ZIP-level market for Aromas; mapped with Census 2020 ZCTA 95004 in San Benito County.,,,,
95045 San Juan Bautista,zcta,95045,San Juan Bautista,36.8258065,-121.5185645,927445,,2024-09-30,10,0,Zillow ZIP-level market for San Juan Bautista; mapped with Census 2020 ZCTA 95045 in San Benito County.,,,,
95023 Hollister,zcta,95023,Hollister,36.9199935,-121.3221878,774974,2800,2024-10-31,10,0,Zillow ZIP-level market for Hollister; mapped with Census 2020 ZCTA 95023 in San Benito County.,,2800,Zillow ZORI,
95004 Aromas,zcta,95004,Aromas,36.8747551,-121.6307316,997871,,2024-10-31,10,0,Zillow ZIP-level market for Aromas; mapped with Census 2020 ZCTA 95004 in San Benito County.,,,,
95045 San Juan Bautista,zcta,95045,San Juan Bautista,36.8258065,-121.5185645,926281,,2024-10-31,10,0,Zillow ZIP-level market for San Juan Bautista; mapped with Census 2020 ZCTA 95045 in San Benito County.,,,,
95023 Hollister,zcta,95023,Hollister,36.9199935,-121.3221878,775858,2803,2024-11-30,10,0,Zillow ZIP-level market for Hollister; mapped with Census 2020 ZCTA 95023 in San Benito County.,,2803,Zillow ZORI,
95004 Aromas,zcta,95004,Aromas,36.8747551,-121.6307316,993123,,2024-11-30,10,0,Zillow ZIP-level market for Aromas; mapped with Census 2020 ZCTA 95004 in San Benito County.,,,,
95045 San Juan Bautista,zcta,95045,San Juan Bautista,36.8258065,-121.5185645,926564,,2024-11-30,10,0,Zillow ZIP-level market for San Juan Bautista; mapped with Census 2020 ZCTA 95045 in San Benito County.,,,,
95023 Hollister,zcta,95023,Hollister,36.9199935,-121.3221878,775168,2799,2024-12-31,10,0,Zillow ZIP-level market for Hollister; mapped with Census 2020 ZCTA 95023 in San Benito County.,,2799,Zillow ZORI,
95004 Aromas,zcta,95004,Aromas,36.8747551,-121.6307316,987667,,2024-12-31,10,0,Zillow ZIP-level market for Aromas; mapped with Census 2020 ZCTA 95004 in San Benito County.,,,,
95045 San Juan Bautista,zcta,95045,San Juan Bautista,36.8258065,-121.5185645,924706,,2024-12-31,10,0,Zillow ZIP-level market for San Juan Bautista; mapped with Census 2020 ZCTA 95045 in San Benito County.,,,,
95023 Hollister,zcta,95023,Hollister,36.9199935,-121.3221878,774610,2827,2025-01-31,10,0,Zillow ZIP-level market for Hollister; mapped with Census 2020 ZCTA 95023 in San Benito County.,,2827,Zillow ZORI,
95004 Aromas,zcta,95004,Aromas,36.8747551,-121.6307316,983497,,2025-01-31,10,0,Zillow ZIP-level market for Aromas; mapped with Census 2020 ZCTA 95004 in San Benito County.,,,,
95045 San Juan Bautista,zcta,95045,San Juan Bautista,36.8258065,-121.5185645,924832,,2025-01-31,10,0,Zillow ZIP-level market for San Juan Bautista; mapped with Census 2020 ZCTA 95045 in San Benito County.,,,,
95023 Hollister,zcta,95023,Hollister,36.9199935,-121.3221878,772905,2815,2025-02-28,10,0,Zillow ZIP-level market for Hollister; mapped with Census 2020 ZCTA 95023 in San Benito County.,,2815,Zillow ZORI,
95004 Aromas,zcta,95004,Aromas,36.8747551,-121.6307316,980364,,2025-02-28,10,0,Zillow ZIP-level market for Aromas; mapped with Census 2020 ZCTA 95004 in San Benito County.,,,,
95045 San Juan Bautista,zcta,95045,San Juan Bautista,36.8258065,-121.5185645,923771,,2025-02-28,10,0,Zillow ZIP-level market for San Juan Bautista; mapped with Census 2020 ZCTA 95045 in San Benito County.,,,,
95023 Hollister,zcta,95023,Hollister,36.9199935,-121.3221878,771548,2855,2025-03-31,10,0,Zillow ZIP-level market for Hollister; mapped with Census 2020 ZCTA 95023 in San Benito County.,,2855,Zillow ZORI,
95004 Aromas,zcta,95004,Aromas,36.8747551,-121.6307316,977783,,2025-03-31,10,0,Zillow ZIP-level market for Aromas; mapped with Census 2020 ZCTA 95004 in San Benito County.,,,,
95045 San Juan Bautista,zcta,95045,San Juan Bautista,36.8258065,-121.5185645,923454,,2025-03-31,10,0,Zillow ZIP-level market for San Juan Bautista; mapped with Census 2020 ZCTA 95045 in San Benito County.,,,,
95023 Hollister,zcta,95023,Hollister,36.9199935,-121.3221878,770768,2828,2025-04-30,10,0,Zillow ZIP-level market for Hollister; mapped with Census 2020 ZCTA 95023 in San Benito County.,,2828,Zillow ZORI,
95004 Aromas,zcta,95004,Aromas,36.8747551,-121.6307316,976017,,2025-04-30,10,0,Zillow ZIP-level market for Aromas; mapped with Census 2020 ZCTA 95004 in San Benito County.,,,,
95045 San Juan Bautista,zcta,95045,San Juan Bautista,36.8258065,-121.5185645,923447,,2025-04-30,10,0,Zillow ZIP-level market for San Juan Bautista; mapped with Census 2020 ZCTA 95045 in San Benito County.,,,,
95023 Hollister,zcta,95023,Hollister,36.9199935,-121.3221878,770314,2825,2025-05-31,10,0,Zillow ZIP-level market for Hollister; mapped with Census 2020 ZCTA 95023 in San Benito County.,,2825,Zillow ZORI,
95004 Aromas,zcta,95004,Aromas,36.8747551,-121.6307316,972647,,2025-05-31,10,0,Zillow ZIP-level market for Aromas; mapped with Census 2020 ZCTA 95004 in San Benito County.,,,,
95045 San Juan Bautista,zcta,95045,San Juan Bautista,36.8258065,-121.5185645,924136,,2025-05-31,10,0,Zillow ZIP-level market for San Juan Bautista; mapped with Census 2020 ZCTA 95045 in San Benito County.,,,,
95023 Hollister,zcta,95023,Hollister,36.9199935,-121.3221878,769491,2811,2025-06-30,10,0,Zillow ZIP-level market for Hollister; mapped with Census 2020 ZCTA 95023 in San Benito County.,,2811,Zillow ZORI,
95004 Aromas,zcta,95004,Aromas,36.8747551,-121.6307316,968184,,2025-06-30,10,0,Zillow ZIP-level market for Aromas; mapped with Census 2020 ZCTA 95004 in San Benito County.,,,,
95045 San Juan Bautista,zcta,95045,San Juan Bautista,36.8258065,-121.5185645,924426,,2025-06-30,10,0,Zillow ZIP-level market for San Juan Bautista; mapped with Census 2020 ZCTA 95045 in San Benito County.,,,,
95023 Hollister,zcta,95023,Hollister,36.9199935,-121.3221878,767075,2836,2025-07-31,10,0,Zillow ZIP-level market for Hollister; mapped with Census 2020 ZCTA 95023 in San Benito County.,,2836,Zillow ZORI,
95004 Aromas,zcta,95004,Aromas,36.8747551,-121.6307316,963324,,2025-07-31,10,0,Zillow ZIP-level market for Aromas; mapped with Census 2020 ZCTA 95004 in San Benito County.,,,,
95045 San Juan Bautista,zcta,95045,San Juan Bautista,36.8258065,-121.5185645,922111,,2025-07-31,10,0,Zillow ZIP-level market for San Juan Bautista; mapped with Census 2020 ZCTA 95045 in San Benito County.,,,,
95023 Hollister,zcta,95023,Hollister,36.9199935,-121.3221878,763847,2900,2025-08-31,10,0,Zillow ZIP-level market for Hollister; mapped with Census 2020 ZCTA 95023 in San Benito County.,,2900,Zillow ZORI,
95004 Aromas,zcta,95004,Aromas,36.8747551,-121.6307316,959545,,2025-08-31,10,0,Zillow ZIP-level market for Aromas; mapped with Census 2020 ZCTA 95004 in San Benito County.,,,,
95045 San Juan Bautista,zcta,95045,San Juan Bautista,36.8258065,-121.5185645,918479,,2025-08-31,10,0,Zillow ZIP-level market for San Juan Bautista; mapped with Census 2020 ZCTA 95045 in San Benito County.,,,,
95023 Hollister,zcta,95023,Hollister,36.9199935,-121.3221878,761137,2933,2025-09-30,10,0,Zillow ZIP-level market for Hollister; mapped with Census 2020 ZCTA 95023 in San Benito County.,,2933,Zillow ZORI,
95004 Aromas,zcta,95004,Aromas,36.8747551,-121.6307316,959533,,2025-09-30,10,0,Zillow ZIP-level market for Aromas; mapped with Census 2020 ZCTA 95004 in San Benito County.,,,,
95045 San Juan Bautista,zcta,95045,San Juan Bautista,36.8258065,-121.5185645,917169,,2025-09-30,10,0,Zillow ZIP-level market for San Juan Bautista; mapped with Census 2020 ZCTA 95045 in San Benito County.,,,,
95023 Hollister,zcta,95023,Hollister,36.9199935,-121.3221878,759142,2911,2025-10-31,10,0,Zillow ZIP-level market for Hollister; mapped with Census 2020 ZCTA 95023 in San Benito County.,,2911,Zillow ZORI,
95004 Aromas,zcta,95004,Aromas,36.8747551,-121.6307316,961953,,2025-10-31,10,0,Zillow ZIP-level market for Aromas; mapped with Census 2020 ZCTA 95004 in San Benito County.,,,,
95045 San Juan Bautista,zcta,95045,San Juan Bautista,36.8258065,-121.5185645,918370,,2025-10-31,10,0,Zillow ZIP-level market for San Juan Bautista; mapped with Census 2020 ZCTA 95045 in San Benito County.,,,,
95023 Hollister,zcta,95023,Hollister,36.9199935,-121.3221878,758259,2866,2025-11-30,10,0,Zillow ZIP-level market for Hollister; mapped with Census 2020 ZCTA 95023 in San Benito County.,,2866,Zillow ZORI,
95004 Aromas,zcta,95004,Aromas,36.8747551,-121.6307316,966992,,2025-11-30,10,0,Zillow ZIP-level market for Aromas; mapped with Census 2020 ZCTA 95004 in San Benito County.,,,,
95045 San Juan Bautista,zcta,95045,San Juan Bautista,36.8258065,-121.5185645,920639,,2025-11-30,10,0,Zillow ZIP-level market for San Juan Bautista; mapped with Census 2020 ZCTA 95045 in San Benito County.,,,,
95023 Hollister,zcta,95023,Hollister,36.9199935,-121.3221878,758645,2838,2025-12-31,10,0,Zillow ZIP-level market for Hollister; mapped with Census 2020 ZCTA 95023 in San Benito County.,,2838,Zillow ZORI,
95004 Aromas,zcta,95004,Aromas,36.8747551,-121.6307316,971152,,2025-12-31,10,0,Zillow ZIP-level market for Aromas; mapped with Census 2020 ZCTA 95004 in San Benito County.,,,,
95045 San Juan Bautista,zcta,95045,San Juan Bautista,36.8258065,-121.5185645,921752,,2025-12-31,10,0,Zillow ZIP-level market for San Juan Bautista; mapped with Census 2020 ZCTA 95045 in San Benito County.,,,,
95023 Hollister,zcta,95023,Hollister,36.9199935,-121.3221878,760002,2904,2026-01-31,10,0,Zillow ZIP-level market for Hollister; mapped with Census 2020 ZCTA 95023 in San Benito County.,,2904,Zillow ZORI,
95004 Aromas,zcta,95004,Aromas,36.8747551,-121.6307316,973770,,2026-01-31,10,0,Zillow ZIP-level market for Aromas; mapped with Census 2020 ZCTA 95004 in San Benito County.,,,,
95045 San Juan Bautista,zcta,95045,San Juan Bautista,36.8258065,-121.5185645,921803,,2026-01-31,10,0,Zillow ZIP-level market for San Juan Bautista; mapped with Census 2020 ZCTA 95045 in San Benito County.,,,,
95023 Hollister,zcta,95023,Hollister,36.9199935,-121.3221878,762899,2929,2026-02-28,10,0,Zillow ZIP-level market for Hollister; mapped with Census 2020 ZCTA 95023 in San Benito County.,,2929,Zillow ZORI,
95004 Aromas,zcta,95004,Aromas,36.8747551,-121.6307316,974408,,2026-02-28,10,0,Zillow ZIP-level market for Aromas; mapped with Census 2020 ZCTA 95004 in San Benito County.,,,,
95045 San Juan Bautista,zcta,95045,San Juan Bautista,36.8258065,-121.5185645,922059,,2026-02-28,10,0,Zillow ZIP-level market for San Juan Bautista; mapped with Census 2020 ZCTA 95045 in San Benito County.,,,,
95023 Hollister,zcta,95023,Hollister,36.9199935,-121.3221878,764457,2952,2026-03-31,10,0,Zillow ZIP-level market for Hollister; mapped with Census 2020 ZCTA 95023 in San Benito County.,,2952,Zillow ZORI,
95004 Aromas,zcta,95004,Aromas,36.8747551,-121.6307316,975200,,2026-03-31,10,0,Zillow ZIP-level market for Aromas; mapped with Census 2020 ZCTA 95004 in San Benito County.,,,,
95045 San Juan Bautista,zcta,95045,San Juan Bautista,36.8258065,-121.5185645,920149,,2026-03-31,10,0,Zillow ZIP-level market for San Juan Bautista; mapped with Census 2020 ZCTA 95045 in San Benito County.,,,,
95023 Hollister,zcta,95023,Hollister,36.9199935,-121.3221878,763289,2950,2026-04-30,10,0,Zillow ZIP-level market for Hollister; mapped with Census 2020 ZCTA 95023 in San Benito County.,,2950,Zillow ZORI,
95004 Aromas,zcta,95004,Aromas,36.8747551,-121.6307316,974682,,2026-04-30,10,0,Zillow ZIP-level market for Aromas; mapped with Census 2020 ZCTA 95004 in San Benito County.,,,,
95045 San Juan Bautista,zcta,95045,San Juan Bautista,36.8258065,-121.5185645,915618,,2026-04-30,10,0,Zillow ZIP-level market for San Juan Bautista; mapped with Census 2020 ZCTA 95045 in San Benito County.,,,,
